{"AmericanBand.txt": {"Artist": null, "Tempo": null, "Length": null, "Key": null, "Year": null, "Genre": null}, "LuckyMan.txt": {"Artist": "ELP", "Tempo": null, "Length": null, "Key": "G", "Year": null, "Genre": null}, "AllThingsAllAtOnce.txt": {"Artist": "Tired Pony", "Tempo": null, "Length": null, "Key": "Em", "Year": null, "Genre": null}, "FooledAround.txt": {"Artist": null, "Tempo": null, "Length": null, "Key": null, "Year": null, "Genre": null}, "Thunderkiss.txt": {"Artist": null, "Tempo": null, "Length": null, "Key": null, "Year": null, "Genre": null}, "CastlesInTheAir.txt": {"Artist": null, "Tempo": null, "Length": null, "Key": null, "Year": null, "Genre": null}, "LongGoneDay.txt": {"Artist": null, "Tempo": null, "Length": null, "Key": null, "Year": null, "Genre": null}, "BlackHoleSun.txt": {"Artist": null, "Tempo": null, "Length": null, "Key": null, "Year": null, "Genre": null}, "TinMan.txt": {"Artist": "America", "Tempo": null, "Length": null, "Key": null, "Year": null, "Genre": null}, "WholeLottaRosie.txt": {"Artist": "ACDC", "Tempo": null, "Length": null, "Key": null, "Year": null, "Genre": null}, "ForTheSummer.txt": {"Artist": "Ray Lamontangue", "Tempo": null, "Length": null, "Key": null, "Year": null, "Genre": null}, "OldMan.txt": {"Artist": "Neil Young", "Tempo": null, "Length": null, "Key": "Dm", "Year": null, "Genre": null}, "LooksThatKill.txt": {"Artist": null, "Tempo": null, "Length": null, "Key": null, "Year": null, "Genre": null}, "Hemmorhage.txt": {"Artist": null, "Tempo": null, "Length": null, "Key": null, "Year": null, "Genre": null}, "AllThatHeavenWillAllow.txt": {"Artist": "Bruce Springsteen", "Tempo": null, "Length": null, "Key": "G", "Year": null, "Genre": null}, "RebelRebel.txt": {"Artist": null, "Tempo": null, "Length": null, "Key": null, "Year": null, "Genre": null}, "AreYouGonnaGoMW.txt": {"Artist": null, "Tempo": null, "Length": null, "Key": null, "Year": null, "Genre": null}, "LetsGoCrazy.txt": {"Artist": null, "Tempo": null, "Length": null, "Key": null, "Year": null, "Genre": null}, "Shanty.txt": {"Artist": "Jonathan Edwards", "Tempo": null, "Length": null, "Key": "G", "Year": null, "Genre": null}, "Sandman.txt": {"Artist": null, "Tempo": null, "Length": null, "Key": null, "Year": null, "Genre": null}, "HereComesTheSun.txt": {"Artist": "The Beatles", "Tempo": null, "Length": null, "Key": null, "Year": null, "Genre": null}, "RidersOnTheStorm.txt": {"Artist": "The Doors", "Tempo": null, "Length": null, "Key": "Em", "Year": null, "Genre": null}, "Black-PearlJam.txt": {"Artist": null, "Tempo": null, "Length": null, "Key": null, "Year": null, "Genre": null}, "ItsProbablyMe.txt": {"Artist": "Sting", "Tempo": null, "Length": null, "Key": "Em", "Year": null, "Genre": null}, "BetterBeHomeSoon.txt": {"Artist": null, "Tempo": null, "Length": null, "Key": null, "Year": null, "Genre": null}, "HoldingBackTheYears.txt": {"Artist": "Simply Red", "Tempo": null, "Length": null, "Key": null, "Year": null, "Genre": null}, "LogicalSong.txt": {"Artist": null, "Tempo": null, "Length": null, "Key": null, "Year": null, "Genre": null}, "EndOfTheLine.txt": {"Artist": "Travelling Wilburys", "Tempo": null, "Length": null, "Key": null, "Year": null, "Genre": null}, "WithOrWithoutYou.txt": {"Artist": "U2", "Tempo": null, "Length": null, "Key": "D", "Year": null, "Genre": null}, "TwilightZone.txt": {"Artist": null, "Tempo": null, "Length": null, "Key": null, "Year": null, "Genre": null}, "NeverLetMeDown.txt": {"Artist": "Depeche Mode", "Tempo": null, "Length": null, "Key": "G", "Year": null, "Genre": null}, "SmoothOperator.txt": {"Artist": null, "Tempo": null, "Length": null, "Key": "Dm", "Year": null, "Genre": null}, "WishYouWereHere.txt": {"Artist": "Pink Floyd", "Tempo": null, "Length": null, "Key": "G", "Year": null, "Genre": null}, "MeAndBobbyMcGee.txt": {"Artist": null, "Tempo": null, "Length": null, "Key": null, "Year": null, "Genre": null}, "Sledgehammer.txt": {"Artist": "Peter Gabriel", "Tempo": null, "Length": null, "Key": "D", "Year": null, "Genre": null}, "Crazy-CeeLo.txt": {"Artist": "Gnarles Barkley", "Tempo": null, "Length": null, "Key": "Em", "Year": null, "Genre": null}, "LoveSong.txt": {"Artist": "The Cure", "Tempo": null, "Length": null, "Key": "Am", "Year": null, "Genre": null}, "Comedown.txt": {"Artist": null, "Tempo": null, "Length": null, "Key": null, "Year": null, "Genre": null}, "Kryptonite.txt": {"Artist": null, "Tempo": null, "Length": null, "Key": null, "Year": null, "Genre": null}, "ChipAwayTheStone.txt": {"Artist": null, "Tempo": null, "Length": null, "Key": null, "Year": null, "Genre": null}, "LeanOnMe.txt": {"Artist": "Bill Withers", "Tempo": null, "Length": null, "Key": "C", "Year": null, "Genre": null}, "SellingTheDrama.txt": {"Artist": null, "Tempo": null, "Length": null, "Key": null, "Year": null, "Genre": null}, "HarderTheyCome.txt": {"Artist": null, "Tempo": null, "Length": null, "Key": null, "Year": null, "Genre": null}, "EightDaysAWeek.txt": {"Artist": "The Beatles", "Tempo": null, "Length": null, "Key": null, "Year": null, "Genre": null}, "PorcupineTree.txt": {"Artist": null, "Tempo": null, "Length": null, "Key": null, "Year": null, "Genre": null}, "NoMatterWhat.txt": {"Artist": "Badfinger", "Tempo": null, "Length": null, "Key": "A", "Year": null, "Genre": null}, "BakerStreet.txt": {"Artist": "Gerry Rafferty", "Tempo": null, "Length": null, "Key": null, "Year": null, "Genre": null}, "HeartOfTheMatter.txt": {"Artist": "Don Henley", "Tempo": null, "Length": null, "Key": "D", "Year": null, "Genre": null}, "AmericanGirl.txt": {"Artist": null, "Tempo": null, "Length": null, "Key": null, "Year": null, "Genre": null}, "WhereTheRiverFlows.txt": {"Artist": null, "Tempo": null, "Length": null, "Key": null, "Year": null, "Genre": null}, "ColdGin.txt": {"Artist": null, "Tempo": null, "Length": null, "Key": null, "Year": null, "Genre": null}, "FireOnTheMountain.txt": {"Artist": "The Grateful Dead", "Tempo": null, "Length": null, "Key": null, "Year": null, "Genre": null}, "WhatILikeAboutYou.txt": {"Artist": null, "Tempo": null, "Length": null, "Key": "E", "Year": null, "Genre": null}, "IWillFollow.txt": {"Artist": "U2", "Tempo": null, "Length": null, "Key": null, "Year": null, "Genre": null}, "EverybodyWantsYou.txt": {"Artist": null, "Tempo": null, "Length": null, "Key": null, "Year": null, "Genre": null}, "ClosingTime.txt": {"Artist": null, "Tempo": null, "Length": null, "Key": null, "Year": null, "Genre": null}, "Yellow.txt": {"Artist": "Coldplay", "Tempo": null, "Length": null, "Key": "B", "Year": null, "Genre": null}, "LikeAStone.txt": {"Artist": null, "Tempo": null, "Length": null, "Key": null, "Year": null, "Genre": null}, "PrideAndJoy.txt": {"Artist": "SRV", "Tempo": null, "Length": null, "Key": null, "Year": null, "Genre": null}, "JohnnyBGoode.txt": {"Artist": null, "Tempo": null, "Length": null, "Key": null, "Year": null, "Genre": null}, "YouGotAnother.txt": {"Artist": "Judas Priest", "Tempo": null, "Length": null, "Key": null, "Year": null, "Genre": null}, "DannysSong.txt": {"Artist": null, "Tempo": null, "Length": null, "Key": null, "Year": null, "Genre": null}, "ChasingCars.txt": {"Artist": "Snow Patrol", "Tempo": null, "Length": null, "Key": "A", "Year": null, "Genre": null}, "DontDreamItsOver.txt": {"Artist": null, "Tempo": null, "Length": null, "Key": null, "Year": null, "Genre": null}, "ImmigrantSong.txt": {"Artist": "Led Zeppelin", "Tempo": null, "Length": null, "Key": null, "Year": null, "Genre": null}, "SameOldSongAndDance.txt": {"Artist": "Aerosmith", "Tempo": null, "Length": null, "Key": null, "Year": null, "Genre": null}, "HarvestMoon.txt": {"Artist": "Neil Young", "Tempo": null, "Length": null, "Key": null, "Year": null, "Genre": null}, "Homework.txt": {"Artist": null, "Tempo": null, "Length": null, "Key": null, "Year": null, "Genre": null}, "NeverTearUsApart.txt": {"Artist": "INXS", "Tempo": null, "Length": null, "Key": "Am", "Year": null, "Genre": null}, "WheelInTheSky.txt": {"Artist": "Journey", "Tempo": null, "Length": null, "Key": null, "Year": null, "Genre": null}, "WhenIComeAround.txt": {"Artist": "Green Day", "Tempo": null, "Length": null, "Key": null, "Year": null, "Genre": null}, "YouMayBeRight.txt": {"Artist": null, "Tempo": null, "Length": null, "Key": null, "Year": null, "Genre": null}, "Colorblind.txt": {"Artist": null, "Tempo": null, "Length": null, "Key": null, "Year": null, "Genre": null}, "Cumbersome.txt": {"Artist": null, "Tempo": null, "Length": null, "Key": null, "Year": null, "Genre": null}, "SurlyJoe.txt": {"Artist": null, "Tempo": null, "Length": null, "Key": null, "Year": null, "Genre": null}, "HonkyTonkWoman.txt": {"Artist": "The Rolling Stones", "Tempo": null, "Length": null, "Key": null, "Year": null, "Genre": null}, "ShapeOfMyHeart.txt": {"Artist": "Sting", "Tempo": null, "Length": null, "Key": null, "Year": null, "Genre": null}, "TwoPrinces.txt": {"Artist": null, "Tempo": null, "Length": null, "Key": null, "Year": null, "Genre": null}, "WeDieYoung.txt": {"Artist": "Alice In Chains", "Tempo": null, "Length": null, "Key": null, "Year": null, "Genre": null}, "GirlsGotRhythm.txt": {"Artist": null, "Tempo": null, "Length": null, "Key": null, "Year": null, "Genre": null}, "AintNoSunshine.txt": {"Artist": "Bill Withers", "Tempo": null, "Length": null, "Key": "Am", "Year": null, "Genre": null}, "LifeInTheFastLane.txt": {"Artist": null, "Tempo": null, "Length": null, "Key": null, "Year": null, "Genre": null}, "SexTypeThing.txt": {"Artist": null, "Tempo": null, "Length": null, "Key": null, "Year": null, "Genre": null}, "ManOfConstantSorrow.txt": {"Artist": "Soggybottom Boys", "Tempo": null, "Length": null, "Key": "E", "Year": null, "Genre": null}, "GotMeUnderPressure.txt": {"Artist": null, "Tempo": null, "Length": null, "Key": null, "Year": null, "Genre": null}, "WichitaLineman.txt": {"Artist": "Glen Campbell", "Tempo": null, "Length": null, "Key": "Bb", "Year": null, "Genre": null}, "BadCaseOfLoveYou.txt": {"Artist": "Robert Palmer", "Tempo": null, "Length": null, "Key": null, "Year": null, "Genre": null}, "DrivinMyLifeAway.txt": {"Artist": "Eddie Rabbit", "Tempo": null, "Length": null, "Key": "D", "Year": null, "Genre": null}, "BornToBeWild.txt": {"Artist": null, "Tempo": null, "Length": null, "Key": null, "Year": null, "Genre": null}, "YouReallyGotMe.txt": {"Artist": null, "Tempo": null, "Length": null, "Key": null, "Year": null, "Genre": null}, "Tush.txt": {"Artist": null, "Tempo": null, "Length": null, "Key": null, "Year": null, "Genre": null}, "FastAsYou.txt": {"Artist": null, "Tempo": null, "Length": null, "Key": null, "Year": null, "Genre": null}, "ComeOutAndPlay.txt": {"Artist": null, "Tempo": null, "Length": null, "Key": null, "Year": null, "Genre": null}, "TheOneILove.txt": {"Artist": "REM", "Tempo": null, "Length": null, "Key": "Em", "Year": null, "Genre": null}, "BrownSugar.txt": {"Artist": "Rolling Stones", "Tempo": null, "Length": null, "Key": null, "Year": null, "Genre": null}, "HotGirlsInLove.txt": {"Artist": null, "Tempo": null, "Length": null, "Key": null, "Year": null, "Genre": null}, "StuckInTheMiddle.txt": {"Artist": "Gerry Rafferty", "Tempo": null, "Length": null, "Key": "D", "Year": null, "Genre": null}, "ILoveRockAndRoll.txt": {"Artist": "Joan Jett", "Tempo": null, "Length": null, "Key": null, "Year": null, "Genre": null}, "NorweigianWood.txt": {"Artist": "The Beatles", "Tempo": null, "Length": null, "Key": "D", "Year": null, "Genre": null}, "LosingMyReligion.txt": {"Artist": "REM", "Tempo": null, "Length": null, "Key": "Am", "Year": null, "Genre": null}, "IWantYouToWantMe.txt": {"Artist": "Cheap Trick", "Tempo": null, "Length": null, "Key": null, "Year": null, "Genre": null}, "OldManDownTheRoad.txt": {"Artist": null, "Tempo": null, "Length": null, "Key": null, "Year": null, "Genre": null}, "Free.txt": {"Artist": "Zac Brown", "Tempo": null, "Length": null, "Key": "C", "Year": null, "Genre": null}, "OneWayOrAnother.txt": {"Artist": null, "Tempo": null, "Length": null, "Key": null, "Year": null, "Genre": null}, "LaGrange.txt": {"Artist": null, "Tempo": null, "Length": null, "Key": null, "Year": null, "Genre": null}, "MississippiQueen.txt": {"Artist": null, "Tempo": null, "Length": null, "Key": null, "Year": null, "Genre": null}, "SummerBreeze.txt": {"Artist": null, "Tempo": null, "Length": null, "Key": null, "Year": null, "Genre": null}, "Lights.txt": {"Artist": null, "Tempo": null, "Length": null, "Key": null, "Year": null, "Genre": null}, "HandleWithCare.txt": {"Artist": null, "Tempo": null, "Length": null, "Key": null, "Year": null, "Genre": null}, "DearMrFantasy.txt": {"Artist": "Traffic", "Tempo": null, "Length": null, "Key": "E", "Year": null, "Genre": null}, "SugarSugar.txt": {"Artist": null, "Tempo": null, "Length": null, "Key": null, "Year": null, "Genre": null}, "TheWorldIKnow.txt": {"Artist": null, "Tempo": null, "Length": null, "Key": null, "Year": null, "Genre": null}, "IAlone.txt": {"Artist": "Live", "Tempo": null, "Length": null, "Key": null, "Year": null, "Genre": null}, "BlackBetty.txt": {"Artist": null, "Tempo": null, "Length": null, "Key": null, "Year": null, "Genre": null}, "MadWorld.txt": {"Artist": "Tears For Fears", "Tempo": null, "Length": null, "Key": "Em", "Year": null, "Genre": null}, "Babylon.txt": {"Artist": "David Gray", "Tempo": null, "Length": null, "Key": "D", "Year": null, "Genre": null}, "WhatIGot.txt": {"Artist": "Sublime", "Tempo": null, "Length": null, "Key": "D", "Year": null, "Genre": null}, "AllTheseThingsIveDone.txt": {"Artist": null, "Tempo": null, "Length": null, "Key": null, "Year": null, "Genre": null}, "Jenny.txt": {"Artist": null, "Tempo": null, "Length": null, "Key": null, "Year": null, "Genre": null}, "HardToHandle.txt": {"Artist": "Black Crowes", "Tempo": null, "Length": null, "Key": "B", "Year": null, "Genre": null}, "Wonderwall.txt": {"Artist": "Oasis", "Tempo": null, "Length": null, "Key": null, "Year": null, "Genre": null}, "Ripple.txt": {"Artist": "The Grateful Dead", "Tempo": null, "Length": null, "Key": "G", "Year": null, "Genre": null}, "DoItAgain.txt": {"Artist": "Steely Dan", "Tempo": null, "Length": null, "Key": "Em", "Year": null, "Genre": null}, "RoadhouseBlues.txt": {"Artist": "The Doors", "Tempo": null, "Length": null, "Key": "Em", "Year": null, "Genre": null}, "PrettyWoman.txt": {"Artist": null, "Tempo": null, "Length": null, "Key": null, "Year": null, "Genre": null}, "PurpleRain.txt": {"Artist": "Prince", "Tempo": null, "Length": null, "Key": "A", "Year": null, "Genre": null}, "JustRemember.txt": {"Artist": null, "Tempo": null, "Length": null, "Key": null, "Year": null, "Genre": null}, "WeCanWorkItOut.txt": {"Artist": "The Beatles", "Tempo": null, "Length": null, "Key": "C", "Year": null, "Genre": null}, "Paralyzer.txt": {"Artist": null, "Tempo": null, "Length": null, "Key": null, "Year": null, "Genre": null}, "RebelYell.txt": {"Artist": null, "Tempo": null, "Length": null, "Key": null, "Year": null, "Genre": null}, "WannaBeSedated.txt": {"Artist": "The Ramones", "Tempo": null, "Length": null, "Key": null, "Year": null, "Genre": null}, "TNT.txt": {"Artist": null, "Tempo": null, "Length": null, "Key": null, "Year": null, "Genre": null}, "Fragile.txt": {"Artist": "Sting", "Tempo": null, "Length": null, "Key": "Em", "Year": null, "Genre": null}, "Amie.txt": {"Artist": "Pure Prarie League", "Tempo": null, "Length": null, "Key": "A", "Year": null, "Genre": null}, "Blackbird.txt": {"Artist": "The Beatles", "Tempo": null, "Length": null, "Key": "G", "Year": null, "Genre": null}, "LoverYouShouldHave.txt": {"Artist": null, "Tempo": null, "Length": null, "Key": null, "Year": null, "Genre": null}, "IStillCareForYou.txt": {"Artist": null, "Tempo": null, "Length": null, "Key": null, "Year": null, "Genre": null}, "Paranoid.txt": {"Artist": null, "Tempo": null, "Length": null, "Key": null, "Year": null, "Genre": null}, "TrainKeptARollin.txt": {"Artist": null, "Tempo": null, "Length": null, "Key": null, "Year": null, "Genre": null}, "Pride.txt": {"Artist": "U2", "Tempo": null, "Length": null, "Key": null, "Year": null, "Genre": null}, "Runaround.txt": {"Artist": null, "Tempo": null, "Length": null, "Key": null, "Year": null, "Genre": null}, "NeverGonnaStop.txt": {"Artist": null, "Tempo": null, "Length": null, "Key": null, "Year": null, "Genre": null}, "Shine.txt": {"Artist": null, "Tempo": null, "Length": null, "Key": null, "Year": null, "Genre": null}, "WickedGame.txt": {"Artist": "Chris Isaac", "Tempo": null, "Length": null, "Key": null, "Year": null, "Genre": null}, "WorkingForTheWeekend.txt": {"Artist": "Loverboy", "Tempo": null, "Length": null, "Key": null, "Year": null, "Genre": null}, "SmellsLikeTeenS.txt": {"Artist": null, "Tempo": null, "Length": null, "Key": null, "Year": null, "Genre": null}, "MySharona.txt": {"Artist": null, "Tempo": null, "Length": null, "Key": null, "Year": null, "Genre": null}, "Crazy-Seal.txt": {"Artist": "Seal", "Tempo": null, "Length": null, "Key": "Em", "Year": null, "Genre": null}, "MysteriousWays.txt": {"Artist": "U2", "Tempo": null, "Length": null, "Key": "A", "Year": null, "Genre": null}, "SayGoodbyeToHollywood.txt": {"Artist": null, "Tempo": null, "Length": null, "Key": null, "Year": null, "Genre": null}, "Drive-Incubus.txt": {"Artist": "Incubus", "Tempo": null, "Length": null, "Key": "Em", "Year": null, "Genre": null}, "RedRain.txt": {"Artist": "Peter Gabriel", "Tempo": null, "Length": null, "Key": "Dm", "Year": null, "Genre": null}, "SummerOf69.txt": {"Artist": null, "Tempo": null, "Length": null, "Key": null, "Year": null, "Genre": null}, "DriftAway.txt": {"Artist": null, "Tempo": null, "Length": null, "Key": null, "Year": null, "Genre": null}, "OneOfUs.txt": {"Artist": "Joan Osborne", "Tempo": null, "Length": null, "Key": null, "Year": null, "Genre": null}, "HereWithoutYou.txt": {"Artist": null, "Tempo": null, "Length": null, "Key": null, "Year": null, "Genre": null}, "Drive-Cars.txt": {"Artist": "Cars", "Tempo": null, "Length": null, "Key": "A", "Year": null, "Genre": null}, "HandInPocket.txt": {"Artist": "Alanis Morisette", "Tempo": null, "Length": null, "Key": null, "Year": null, "Genre": null}, "CarelessWhisper.txt": {"Artist": "George Michael", "Tempo": null, "Length": null, "Key": "Am", "Year": null, "Genre": null}, "SouthernCross.txt": {"Artist": "CSN", "Tempo": null, "Length": null, "Key": "A", "Year": null, "Genre": null}, "Machinehead.txt": {"Artist": null, "Tempo": null, "Length": null, "Key": null, "Year": null, "Genre": null}, "Sunshine.txt": {"Artist": null, "Tempo": null, "Length": null, "Key": null, "Year": null, "Genre": null}, "HorseWithNoName.txt": {"Artist": "America", "Tempo": null, "Length": null, "Key": "Em", "Year": null, "Genre": null}, "OneThingLeads.txt": {"Artist": null, "Tempo": null, "Length": null, "Key": null, "Year": null, "Genre": null}, "WhatYouNeed.txt": {"Artist": "INXS", "Tempo": null, "Length": null, "Key": null, "Year": null, "Genre": null}, "HowSoonIsNow.txt": {"Artist": "The Smiths", "Tempo": null, "Length": null, "Key": null, "Year": null, "Genre": null}, "SymphonyOfDestruction.txt": {"Artist": null, "Tempo": null, "Length": null, "Key": null, "Year": null, "Genre": null}, "Spooky.txt": {"Artist": "Classics IV", "Tempo": null, "Length": null, "Key": "Em", "Year": null, "Genre": null}, "CaliforniaDreamin.txt": {"Artist": null, "Tempo": null, "Length": null, "Key": null, "Year": null, "Genre": null}, "VenturaHighway.txt": {"Artist": null, "Tempo": null, "Length": null, "Key": null, "Year": null, "Genre": null}, "Crackerman.txt": {"Artist": null, "Tempo": null, "Length": null, "Key": null, "Year": null, "Genre": null}, "ICanSeeClearlyNow.txt": {"Artist": null, "Tempo": null, "Length": null, "Key": null, "Year": null, "Genre": null}, "RoundAndRound.txt": {"Artist": "Ratt", "Tempo": null, "Length": null, "Key": null, "Year": null, "Genre": null}, "CryMeARiver.txt": {"Artist": null, "Tempo": null, "Length": null, "Key": null, "Year": null, "Genre": null}, "EnterSandman.txt": {"Artist": "Metallica", "Tempo": null, "Length": null, "Key": "Em", "Year": null, "Genre": null}, "TheGambler.txt": {"Artist": "Kenny Rodgers", "Tempo": null, "Length": null, "Key": "D", "Year": null, "Genre": null}, "MyOwnWorstEnemy.txt": {"Artist": null, "Tempo": null, "Length": null, "Key": "Em", "Year": null, "Genre": null}, "CutsLikeAKnife.txt": {"Artist": null, "Tempo": null, "Length": null, "Key": null, "Year": null, "Genre": null}, "Trouble.txt": {"Artist": "Ray Lamontangue", "Tempo": null, "Length": null, "Key": "G", "Year": null, "Genre": null}, "FakePlasticTrees.txt": {"Artist": "Radiohead", "Tempo": null, "Length": null, "Key": "G", "Year": null, "Genre": null}, "SharpDressedMan.txt": {"Artist": "ZZ Top", "Tempo": null, "Length": null, "Key": null, "Year": null, "Genre": null}, "ADayInTheLife.txt": {"Artist": "The Beatles", "Tempo": null, "Length": null, "Key": "G", "Year": null, "Genre": null}, "OneWayOut.txt": {"Artist": null, "Tempo": null, "Length": null, "Key": null, "Year": null, "Genre": null}, "HurtSoGood.txt": {"Artist": "John Mellencamp", "Tempo": null, "Length": null, "Key": null, "Year": null, "Genre": null}, "DixilandDelight.txt": {"Artist": "Alabama", "Tempo": null, "Length": null, "Key": null, "Year": null, "Genre": null}, "BreakinTheLaw.txt": {"Artist": "Judas Priest", "Tempo": null, "Length": null, "Key": null, "Year": null, "Genre": null}, "PlayThatFunky.txt": {"Artist": "Wild Cherry", "Tempo": null, "Length": null, "Key": "E7", "Year": null, "Genre": null}, "BadFish.txt": {"Artist": "Sublime", "Tempo": null, "Length": null, "Key": "A", "Year": null, "Genre": null}, "PieceOfYourAction.txt": {"Artist": null, "Tempo": null, "Length": null, "Key": null, "Year": null, "Genre": null}, "LucyInTheSky.txt": {"Artist": "The Beatles", "Tempo": null, "Length": null, "Key": "A", "Year": null, "Genre": null}, "Holiday.txt": {"Artist": null, "Tempo": null, "Length": null, "Key": null, "Year": null, "Genre": null}, "FlagpoleSitta.txt": {"Artist": null, "Tempo": null, "Length": null, "Key": null, "Year": null, "Genre": null}, "ComeMonday.txt": {"Artist": "Jimmy Buffett", "Tempo": null, "Length": null, "Key": "A", "Year": null, "Genre": null}, "LifeDuringWartime.txt": {"Artist": null, "Tempo": null, "Length": null, "Key": null, "Year": null, "Genre": null}, "ColorMyWorld.txt": {"Artist": null, "Tempo": null, "Length": null, "Key": null, "Year": null, "Genre": null}, "SafetyDance.txt": {"Artist": null, "Tempo": null, "Length": null, "Key": null, "Year": null, "Genre": null}, "StrawberryFields.txt": {"Artist": "The Beatles", "Tempo": null, "Length": null, "Key": "E", "Year": null, "Genre": null}, "BedsAreBurning.txt": {"Artist": "Midnight Oil", "Tempo": null, "Length": null, "Key": "Em", "Year": null, "Genre": null}, "CantGetEnough.txt": {"Artist": null, "Tempo": null, "Length": null, "Key": null, "Year": null, "Genre": null}, "EverybodyWantsSome.txt": {"Artist": null, "Tempo": null, "Length": null, "Key": null, "Year": null, "Genre": null}, "Texarkana.txt": {"Artist": "REM", "Tempo": null, "Length": null, "Key": "Em", "Year": null, "Genre": null}, "HerStrut.txt": {"Artist": null, "Tempo": null, "Length": null, "Key": null, "Year": null, "Genre": null}, "JealousAgain.txt": {"Artist": null, "Tempo": null, "Length": null, "Key": null, "Year": null, "Genre": null}, "WeJustDisagree.txt": {"Artist": null, "Tempo": null, "Length": null, "Key": null, "Year": null, "Genre": null}, "HitMeWithYourBestShot.txt": {"Artist": null, "Tempo": null, "Length": null, "Key": null, "Year": null, "Genre": null}, "Shimmer.txt": {"Artist": null, "Tempo": null, "Length": null, "Key": "Em", "Year": null, "Genre": null}, "One.txt": {"Artist": null, "Tempo": null, "Length": null, "Key": null, "Year": null, "Genre": null}, "CoolChange.txt": {"Artist": "Little River Band", "Tempo": null, "Length": null, "Key": "A", "Year": null, "Genre": null}, "IfThisIsIt.txt": {"Artist": null, "Tempo": null, "Length": null, "Key": null, "Year": null, "Genre": null}, "WickedGarden.txt": {"Artist": "STP", "Tempo": null, "Length": null, "Key": null, "Year": null, "Genre": null}, "KeepYourHandsToYourself.txt": {"Artist": null, "Tempo": null, "Length": null, "Key": null, "Year": null, "Genre": null}, "WhatYouWontDo.txt": {"Artist": "Bobby Caldwell", "Tempo": null, "Length": null, "Key": null, "Year": null, "Genre": null}, "AndILoveHer.txt": {"Artist": "The Beatles", "Tempo": null, "Length": null, "Key": "Em", "Year": null, "Genre": null}, "GirlLikeYou.txt": {"Artist": null, "Tempo": null, "Length": null, "Key": null, "Year": null, "Genre": null}, "SomeKindOfWonderful.txt": {"Artist": null, "Tempo": null, "Length": null, "Key": "D", "Year": null, "Genre": null}, "TractorsSexy.txt": {"Artist": null, "Tempo": null, "Length": null, "Key": null, "Year": null, "Genre": null}, "FinestWorksong.txt": {"Artist": "REM", "Tempo": null, "Length": null, "Key": null, "Year": null, "Genre": null}, "TequilaSunrise.txt": {"Artist": null, "Tempo": null, "Length": null, "Key": "G", "Year": null, "Genre": null}, "EverythingAboutYou.txt": {"Artist": null, "Tempo": null, "Length": null, "Key": null, "Year": null, "Genre": null}, "Plush.txt": {"Artist": "STP", "Tempo": null, "Length": null, "Key": "G", "Year": null, "Genre": null}, "CrazyTrain.txt": {"Artist": "Ozzy Osbourne", "Tempo": null, "Length": null, "Key": "F#m", "Year": null, "Genre": null}, "Untitled.txt": {"Artist": null, "Tempo": null, "Length": null, "Key": "D", "Year": null, "Genre": null}, "TheMiddle.txt": {"Artist": null, "Tempo": null, "Length": null, "Key": null, "Year": null, "Genre": null}, "ManInTheBox.txt": {"Artist": "Alice In Chains", "Tempo": null, "Length": null, "Key": "Em", "Year": null, "Genre": null}, "SecretAgentMan.txt": {"Artist": null, "Tempo": null, "Length": null, "Key": null, "Year": null, "Genre": null}, "CoolWater.txt": {"Artist": null, "Tempo": null, "Length": null, "Key": null, "Year": null, "Genre": null}, "FeelLikeMakingLove.txt": {"Artist": null, "Tempo": null, "Length": null, "Key": null, "Year": null, "Genre": null}, "Gel.txt": {"Artist": null, "Tempo": null, "Length": null, "Key": null, "Year": null, "Genre": null}, "AreYouGonnaBeMG.txt": {"Artist": null, "Tempo": null, "Length": null, "Key": null, "Year": null, "Genre": null}, "YouWreckMe.txt": {"Artist": "Tom Petty", "Tempo": null, "Length": null, "Key": null, "Year": null, "Genre": null}, "Jailbreak.txt": {"Artist": null, "Tempo": null, "Length": null, "Key": null, "Year": null, "Genre": null}, "Radiologue.txt": {"Artist": null, "Tempo": null, "Length": null, "Key": null, "Year": null, "Genre": null}, "Dana.txt": {"Artist": null, "Tempo": null, "Length": null, "Key": null, "Year": null, "Genre": null}, "GodPutASmile.txt": {"Artist": "Coldplay", "Tempo": null, "Length": null, "Key": null, "Year": null, "Genre": null}, "PleaseComeToBoston.txt": {"Artist": null, "Tempo": null, "Length": null, "Key": null, "Year": null, "Genre": null}, "BrainStew.txt": {"Artist": null, "Tempo": null, "Length": null, "Key": null, "Year": null, "Genre": null}, "InterstateLoveSong.txt": {"Artist": "STP", "Tempo": null, "Length": null, "Key": null, "Year": null, "Genre": null}, "NoWomanNoCry.txt": {"Artist": "Bob Marley", "Tempo": null, "Length": null, "Key": "C", "Year": null, "Genre": null}, "UnderTheMilkyWay.txt": {"Artist": "The Church", "Tempo": null, "Length": null, "Key": "Am", "Year": null, "Genre": null}, "Knights.txt": {"Artist": null, "Tempo": null, "Length": null, "Key": null, "Year": null, "Genre": null}, "FriendOfTheDevil.txt": {"Artist": "Grateful Dead", "Tempo": null, "Length": null, "Key": "G", "Year": null, "Genre": null}, "TheLetter.txt": {"Artist": "The Boxtops", "Tempo": null, "Length": null, "Key": "Am", "Year": null, "Genre": null}, "RockAndRoll.txt": {"Artist": null, "Tempo": null, "Length": null, "Key": null, "Year": null, "Genre": null}, "HouseIsARockin.txt": {"Artist": null, "Tempo": null, "Length": null, "Key": null, "Year": null, "Genre": null}, "TheVoice.txt": {"Artist": "Moody Blues", "Tempo": null, "Length": null, "Key": null, "Year": null, "Genre": null}, "BackInTheUSSR.txt": {"Artist": "The Beatles", "Tempo": null, "Length": null, "Key": null, "Year": null, "Genre": null}, "WrappedAroundYourFinger.txt": {"Artist": "Sting", "Tempo": null, "Length": null, "Key": "Am", "Year": null, "Genre": null}, "LostCause.txt": {"Artist": null, "Tempo": null, "Length": null, "Key": null, "Year": null, "Genre": null}, "ImOnFire.txt": {"Artist": "Bruce Springsteen", "Tempo": null, "Length": null, "Key": null, "Year": null, "Genre": null}, "FallOnMe.txt": {"Artist": "REM", "Tempo": null, "Length": null, "Key": "Dm", "Year": null, "Genre": null}, "AintTalkinBoutLove.txt": {"Artist": "Van Halen", "Tempo": null, "Length": null, "Key": "Am", "Year": null, "Genre": null}, "DontLetMeDown.txt": {"Artist": "The Beatles", "Tempo": null, "Length": null, "Key": "E", "Year": null, "Genre": null}, "LoveMeTwoTimes.txt": {"Artist": null, "Tempo": null, "Length": null, "Key": null, "Year": null, "Genre": null}, "Warning.txt": {"Artist": "Green Day", "Tempo": null, "Length": null, "Key": "A", "Year": null, "Genre": null}, "Superstitious.txt": {"Artist": null, "Tempo": null, "Length": null, "Key": null, "Year": null, "Genre": null}, "Teardrop.txt": {"Artist": null, "Tempo": null, "Length": null, "Key": null, "Year": null, "Genre": null}, "IdLoveToChangeTheWorld.txt": {"Artist": null, "Tempo": null, "Length": null, "Key": null, "Year": null, "Genre": null}, "LetsDance.txt": {"Artist": null, "Tempo": null, "Length": null, "Key": "D", "Year": null, "Genre": null}, "AceOfSpades.txt": {"Artist": null, "Tempo": null, "Length": null, "Key": null, "Year": null, "Genre": null}, "If.txt": {"Artist": "Bread", "Tempo": null, "Length": null, "Key": null, "Year": null, "Genre": null}, "Crying.txt": {"Artist": null, "Tempo": null, "Length": null, "Key": null, "Year": null, "Genre": null}, "StandByMe.txt": {"Artist": "Ben E King", "Tempo": null, "Length": null, "Key": "A", "Year": null, "Genre": null}, "AuthoritySong.txt": {"Artist": "John Mellencamp", "Tempo": null, "Length": null, "Key": null, "Year": null, "Genre": null}, "DontYouForgetAboutMe.txt": {"Artist": "Simple Minds", "Tempo": null, "Length": null, "Key": "E", "Year": null, "Genre": null}, "Good.txt": {"Artist": null, "Tempo": null, "Length": null, "Key": null, "Year": null, "Genre": null}, "AllDayAllNight.txt": {"Artist": null, "Tempo": null, "Length": null, "Key": null, "Year": null, "Genre": null}, "UntilTheEndOfTheWorld.txt": {"Artist": null, "Tempo": null, "Length": null, "Key": null, "Year": null, "Genre": null}, "ScarboroughFair.txt": {"Artist": "Simon and Garfunkel", "Tempo": null, "Length": null, "Key": null, "Year": null, "Genre": null}}